City_ID,City,Lat,Lng,Max Temp,Humidity,Cloudiness,Wind Speed,Country,Date
0,wailua homesteads,22.0669,-159.378,82.83,80.0,20.0,11.5,US,1719434192.0
1,sarnen,46.8985,8.2507,66.54,89.0,40.0,4.61,CH,1719434192.0
2,vorgashor,67.5833,63.95,50.25,96.0,100.0,8.23,RU,1719434192.0
3,klyuchi,52.2667,79.1667,70.18,80.0,0.0,7.09,RU,1719434192.0
4,horta,38.5333,-28.6333,72.01,78.0,75.0,10.36,PT,1719434192.0
5,adamstown,-25.066,-130.1015,72.45,84.0,0.0,9.98,PN,1719434192.0
6,lebu,-37.6167,-73.65,53.62,96.0,100.0,13.89,CL,1719434192.0
7,edinburgh of the seven seas,-37.0676,-12.3116,54.61,87.0,100.0,30.62,SH,1719434193.0
8,grytviken,-54.2811,-36.5092,21.2,83.0,52.0,11.27,GS,1719434193.0
9,georgetown,5.4112,100.3354,84.13,79.0,20.0,3.44,MY,1719433940.0
10,hadibu,12.65,54.0333,79.93,80.0,94.0,18.1,YE,1719434193.0
11,queenstown,-31.8976,26.8753,46.9,76.0,0.0,2.35,ZA,1719434193.0
12,port-aux-francais,-49.35,70.2167,39.24,81.0,97.0,14.85,TF,1719434193.0
13,puerto ayora,-0.7393,-90.3518,85.96,88.0,44.0,5.99,EC,1719434193.0
14,st. john's,47.5649,-52.7093,64.27,94.0,100.0,11.5,CA,1719433912.0
15,margaret river,-33.95,115.0667,50.31,94.0,100.0,6.85,AU,1719434193.0
16,liwale,-9.7667,37.9333,68.59,63.0,94.0,3.65,TZ,1719434193.0
17,waitangi,-43.9535,-176.5597,49.82,80.0,100.0,8.01,NZ,1719434193.0
18,holualoa,19.6228,-155.9522,79.56,78.0,0.0,8.05,US,1719434194.0
19,petropavlovsk-kamchatsky,53.0452,158.6483,45.19,87.0,100.0,2.24,RU,1719433933.0
20,ushuaia,-54.8,-68.3,29.86,80.0,75.0,4.61,AR,1719434194.0
21,avarua,-21.2078,-159.775,78.85,61.0,91.0,14.97,CK,1719434194.0
22,udachny,66.4167,112.4,63.01,45.0,100.0,3.13,RU,1719434194.0
23,egilsstadir,65.2653,-14.3948,57.11,58.0,20.0,6.91,IS,1719434194.0
24,isafjordur,66.0755,-23.124,43.05,86.0,100.0,1.7,IS,1719434194.0
25,zaysan,47.4667,84.8667,71.42,42.0,0.0,9.95,KZ,1719434194.0
26,salalah,17.0151,54.0924,86.09,84.0,100.0,8.05,OM,1719434194.0
27,guerrero negro,27.9769,-114.0611,72.7,65.0,34.0,20.31,MX,1719434194.0
28,libourne,44.9167,-0.25,82.9,79.0,14.0,1.5,FR,1719434194.0
29,porkhov,57.765,29.5561,59.88,68.0,0.0,3.4,RU,1719434195.0
30,utrik,11.2278,169.8474,82.2,70.0,98.0,17.56,MH,1719434195.0
31,zhob,31.3411,69.4481,83.97,29.0,22.0,3.13,PK,1719434195.0
32,bethel,41.3712,-73.414,93.34,57.0,20.0,4.61,US,1719434195.0
33,bilibino,68.0546,166.4372,58.17,53.0,9.0,4.34,RU,1719434195.0
34,sakaiminato,35.55,133.2333,66.18,100.0,75.0,5.75,JP,1719434195.0
35,kievka,50.2619,71.5514,68.5,60.0,100.0,7.87,KZ,1719434195.0
36,puerto aysen,-45.4,-72.7,40.39,100.0,100.0,3.29,CL,1719434195.0
37,weyburn,49.6668,-103.8511,71.31,41.0,0.0,5.57,CA,1719434195.0
38,nadym,65.5333,72.5167,60.93,82.0,0.0,12.21,RU,1719434195.0
39,puerto natales,-51.7236,-72.4875,28.85,100.0,75.0,3.44,CL,1719434195.0
40,west island,-12.1568,96.8225,80.58,78.0,75.0,16.11,CC,1719434196.0
41,at-bashi,41.1702,75.8106,59.22,62.0,100.0,1.9,KG,1719434196.0
42,arraial do cabo,-22.9661,-42.0278,78.66,73.0,0.0,11.5,BR,1719434196.0
43,ancud,-41.8697,-73.8203,50.49,90.0,100.0,16.15,CL,1719434196.0
44,kirkwall,58.9848,-2.9587,57.25,88.0,100.0,13.8,GB,1719434196.0
45,hamilton,39.1834,-84.5333,82.65,73.0,20.0,8.05,US,1719433659.0
46,catacaos,-5.2667,-80.6833,81.0,45.0,31.0,15.52,PE,1719434196.0
47,gao,16.6362,1.637,97.21,22.0,100.0,13.8,ML,1719434196.0
48,olonkinbyen,70.9221,-8.7187,32.92,85.0,100.0,9.73,SJ,1719434196.0
49,magadi,12.9667,77.2333,75.36,85.0,100.0,16.13,IN,1719434196.0
50,thayetmyo,19.3167,95.1833,77.86,91.0,96.0,8.12,MM,1719434196.0
51,longyearbyen,78.2186,15.6401,44.44,81.0,75.0,13.8,SJ,1719434197.0
52,hongch'on,37.6918,127.8857,58.82,88.0,0.0,1.45,KR,1719434197.0
53,ribeira grande,38.5167,-28.7,72.77,73.0,75.0,10.36,PT,1719434197.0
54,tommot,58.9564,126.2925,54.7,84.0,15.0,2.21,RU,1719434197.0
55,hawaiian paradise park,19.5933,-154.9731,80.73,73.0,40.0,3.0,US,1719434197.0
56,olinda,-8.0089,-34.8553,78.53,83.0,75.0,10.36,BR,1719434197.0
57,gebeit,21.0667,36.3167,84.24,23.0,72.0,2.55,SD,1719434197.0
58,vilyuysk,63.7553,121.6247,55.27,67.0,100.0,4.27,RU,1719434197.0
59,mil'kovo,55.6078,37.7956,64.8,55.0,67.0,6.08,RU,1719434197.0
60,hithadhoo,-0.6,73.0833,82.78,70.0,100.0,2.64,MV,1719434197.0
61,chibougamau,49.9168,-74.3659,59.02,49.0,85.0,4.36,CA,1719434198.0
62,fuyuan,46.4333,127.0833,63.41,93.0,53.0,4.23,CN,1719434198.0
63,qamdo,31.1667,97.2333,45.34,92.0,89.0,5.5,CN,1719434198.0
64,nemuro,43.3236,145.575,53.96,85.0,0.0,7.34,JP,1719434198.0
65,taulaga,-11.0553,-171.0883,82.72,80.0,39.0,21.97,AS,1719434198.0
66,san julian,21.0167,-102.1667,78.73,36.0,78.0,6.08,MX,1719434198.0
67,saint-paul,-21.0096,55.2707,69.89,79.0,42.0,2.73,RE,1719433619.0
68,coxen hole,16.3244,-86.5366,87.08,74.0,20.0,20.71,HN,1719434198.0
69,gadzhiyevo,69.2551,33.3362,49.75,77.0,99.0,6.73,RU,1719433990.0
70,great falls,47.5002,-111.3008,84.69,34.0,0.0,9.22,US,1719433905.0
71,college,64.8569,-147.8028,80.46,39.0,75.0,4.61,US,1719434199.0
72,belyayevka,51.3974,56.4096,59.36,71.0,100.0,4.7,RU,1719434199.0
73,albany,42.6001,-73.9662,87.67,44.0,97.0,3.0,US,1719433683.0
74,vingt cinq,,,,,,,,
75,three rivers,41.9439,-85.6325,81.18,65.0,0.0,8.05,US,1719434156.0
76,alice springs,-23.7,133.8833,36.95,87.0,0.0,0.0,AU,1719434199.0
77,blackmans bay,-43.0167,147.3167,43.52,88.0,100.0,3.0,AU,1719434199.0
78,talnakh,69.4865,88.3972,70.97,61.0,25.0,8.43,RU,1719433991.0
79,port mathurin,-19.6833,63.4167,72.25,61.0,65.0,23.33,MU,1719434199.0
80,oualidia,,,,,,,,
81,bacalar,18.6667,-88.3833,89.71,70.0,40.0,11.5,MX,1719434199.0
82,bereznik,62.8551,42.7072,50.43,68.0,26.0,4.72,RU,1719434200.0
83,tiksi,71.6872,128.8694,32.92,95.0,100.0,6.08,RU,1719434200.0
84,atafu village,-8.5421,-172.5159,83.35,78.0,92.0,16.17,TK,1719434200.0
85,taiohae,,,,,,,,
86,invercargill,-46.4,168.35,42.03,96.0,100.0,4.0,NZ,1719434200.0
87,badger,64.8,-147.5333,80.37,39.0,0.0,4.61,US,1719434200.0
88,brisas de zicatela,15.8369,-97.0419,86.52,70.0,40.0,11.5,MX,1719434200.0
89,armacao de buzios,-22.7469,-41.8817,78.85,85.0,6.0,16.31,BR,1719434003.0
90,saint-louis du nord,19.9333,-72.7167,83.61,77.0,44.0,3.53,HT,1719434200.0
91,bikenibeu village,1.3673,173.1241,78.76,100.0,75.0,5.75,KI,1719434200.0
92,leninskoye,41.7589,69.3864,77.52,33.0,13.0,2.84,KZ,1719434200.0
93,malanje,-9.5402,16.341,63.9,37.0,47.0,2.44,AO,1719434200.0
94,benito garcia (el zorrillo),,,,,,,,
95,porto novo,6.4965,2.6036,80.42,87.0,86.0,5.32,BJ,1719434201.0
96,sao simao,-21.4792,-47.5508,84.65,43.0,10.0,3.27,BR,1719434201.0
97,arteche,12.2645,125.4048,79.21,87.0,100.0,9.08,PH,1719434201.0
98,yellowknife,62.456,-114.3525,67.41,44.0,46.0,4.0,CA,1719434201.0
99,kavaratti,10.5669,72.642,80.8,85.0,100.0,23.17,IN,1719434201.0
100,tazovsky,67.4667,78.7,62.58,88.0,78.0,13.13,RU,1719434201.0
101,birjand,32.8663,59.2211,79.27,12.0,20.0,11.5,IR,1719434201.0
102,usinsk,65.9939,57.5281,46.17,86.0,100.0,17.43,RU,1719434201.0
103,papatowai,-46.5619,169.4708,42.67,93.0,99.0,4.76,NZ,1719434201.0
104,gereida,11.2811,25.1414,89.58,40.0,6.0,8.46,SD,1719434202.0
105,nantucket,41.2835,-70.0995,76.01,89.0,100.0,14.97,US,1719434202.0
106,iqaluit,63.7506,-68.5145,36.7,74.0,92.0,4.72,CA,1719434202.0
107,kirensk,57.7853,108.1119,59.36,91.0,55.0,4.63,RU,1719433990.0
108,saint-pierre,-21.3393,55.4781,67.68,73.0,20.0,9.22,RE,1719434120.0
109,bathsheba,13.2167,-59.5167,86.61,74.0,40.0,17.27,BB,1719434202.0
110,susuman,62.7833,148.1667,43.16,87.0,100.0,4.34,RU,1719433991.0
111,vadso,70.0744,29.7487,52.68,71.0,0.0,12.66,NO,1719434202.0
112,olney,39.1532,-77.0669,96.93,40.0,0.0,11.5,US,1719434180.0
113,puerto san carlos,,,,,,,,
114,firuzabad,28.8438,52.5707,78.31,27.0,0.0,6.2,IR,1719434203.0
115,port alfred,-33.5906,26.891,58.5,85.0,0.0,4.63,ZA,1719434203.0
116,afaahiti,-17.75,-149.2833,78.67,83.0,65.0,21.97,PF,1719434203.0
117,brooks,50.5834,-111.8851,74.03,42.0,34.0,14.0,CA,1719434108.0
118,bredasdorp,-34.5322,20.0403,51.98,94.0,0.0,4.05,ZA,1719434203.0
119,lakshmipur,22.95,90.8333,82.63,84.0,100.0,12.71,BD,1719434164.0
120,nogliki,51.8333,143.1667,53.28,79.0,32.0,8.37,RU,1719434203.0
121,el haouaria,37.05,11.0144,73.42,75.0,2.0,4.52,TN,1719434203.0
122,gorontalo,0.5412,123.0595,73.69,97.0,97.0,2.53,ID,1719434203.0
123,san patricio,28.017,-97.5169,96.17,60.0,98.0,12.82,US,1719434203.0
124,sao joao da barra,-21.6403,-41.0511,78.89,84.0,9.0,11.99,BR,1719433965.0
125,sechura,-5.5569,-80.8222,75.49,58.0,31.0,15.68,PE,1719434204.0
126,thompson,55.7435,-97.8558,64.63,30.0,100.0,8.52,CA,1719434204.0
127,ola,59.5833,151.2833,44.87,93.0,100.0,9.15,RU,1719434204.0
128,flin flon,54.7682,-101.865,68.72,29.0,49.0,7.9,CA,1719434204.0
129,jinchang,38.4953,102.1739,75.92,34.0,100.0,3.36,CN,1719434204.0
130,patia,2.069,-77.0527,84.24,64.0,52.0,2.48,CO,1719434204.0
131,diplo,24.4667,69.584,86.77,73.0,23.0,10.56,PK,1719434204.0
132,crucecita,-28.95,-58.9833,53.19,62.0,0.0,1.81,AR,1719434204.0
133,leer,53.2316,7.461,72.95,81.0,6.0,7.05,DE,1719434204.0
134,kruisfontein,-34.0033,24.7314,50.88,92.0,0.0,4.27,ZA,1719434204.0
135,unye,,,,,,,,
136,nerchinsk,51.9833,116.5833,59.68,92.0,47.0,1.63,RU,1719434205.0
137,petawawa,45.9001,-77.3328,67.78,66.0,86.0,3.0,CA,1719434205.0
138,juneau,58.3019,-134.4197,66.11,100.0,75.0,10.36,US,1719434125.0
139,maloye ganyushkino,46.6,49.2667,67.6,42.0,56.0,5.23,KZ,1719434205.0
140,kingston,17.997,-76.7936,89.17,70.0,52.0,20.71,JM,1719434205.0
141,fuvahmulah,,,,,,,,
142,ixtapa,20.7,-105.2,85.23,65.0,40.0,12.66,MX,1719434205.0
143,kapa'a,22.0752,-159.319,84.18,80.0,20.0,11.5,US,1719434205.0
144,kodiak,57.79,-152.4072,49.51,87.0,100.0,10.36,US,1719434205.0
145,zhirnovsk,50.9845,44.7735,55.58,87.0,69.0,1.74,RU,1719433933.0
146,harper,4.375,-7.7169,76.6,87.0,100.0,8.46,LR,1719434206.0
147,luganville,-15.5333,167.1667,77.9,83.0,64.0,10.04,VU,1719434206.0
148,acapulco de juarez,16.8634,-99.8901,87.62,66.0,20.0,11.5,MX,1719434012.0
149,polyarnyy,69.1989,33.4478,49.48,78.0,100.0,7.02,RU,1719434206.0
150,zhumysker,49.3333,49.4,62.56,50.0,34.0,5.86,KZ,1719434206.0
151,dongsheng,39.8161,109.9776,63.73,65.0,24.0,10.87,CN,1719434206.0
152,rehoboth,-23.3167,17.0833,51.39,49.0,0.0,10.51,NA,1719434206.0
153,stanley,54.868,-1.6985,67.78,80.0,20.0,3.44,GB,1719434040.0
154,quellon,-43.1167,-73.6167,49.35,87.0,100.0,14.63,CL,1719434206.0
155,takoradi,4.8845,-1.7554,75.88,91.0,100.0,11.9,GH,1719434206.0
156,kuqa,41.7278,82.9364,82.31,24.0,5.0,2.62,CN,1719434206.0
157,kalemie,-5.9475,29.1947,68.95,63.0,2.0,3.27,CD,1719434207.0
158,sola,-13.8833,167.55,80.35,76.0,74.0,20.6,VU,1719434207.0
159,cleveland,41.4995,-81.6954,71.73,92.0,100.0,8.05,US,1719434080.0
160,tucurui,-3.7661,-49.6725,81.39,72.0,20.0,3.6,BR,1719434207.0
161,saipan,15.1355,145.701,83.1,78.0,20.0,11.5,MP,1719434207.0
162,kailua-kona,19.6406,-155.9956,83.28,79.0,0.0,8.05,US,1719434207.0
163,raton,36.9034,-104.4391,88.14,53.0,100.0,9.22,US,1719434207.0
164,sofifi,,,,,,,,
165,tokar,18.4254,37.729,91.83,38.0,39.0,9.89,SD,1719434207.0
166,ivdel',60.6911,60.4206,53.37,97.0,59.0,3.29,RU,1719433933.0
167,ust-nera,64.5667,143.2,41.97,99.0,100.0,5.75,RU,1719434208.0
168,sarangani,5.4033,125.4636,79.86,84.0,100.0,10.92,PH,1719434208.0
169,markovo,57.3206,107.0881,59.45,95.0,52.0,3.4,RU,1719434208.0
170,nova sintra,14.8667,-24.7167,73.38,83.0,4.0,14.34,CV,1719434208.0
171,pozega,45.3403,17.6853,63.72,90.0,100.0,2.73,HR,1719434208.0
172,touros,-5.1989,-35.4608,77.63,78.0,0.0,11.05,BR,1719434068.0
173,anadyr,64.75,177.4833,46.9,87.0,75.0,15.66,RU,1719434208.0
174,kontcha,7.9667,12.2333,71.02,91.0,57.0,3.31,CM,1719434208.0
175,maevatanana,,,,,,,,
176,zaozersk,69.4005,32.4476,49.12,75.0,78.0,1.79,RU,1719434208.0
177,dhemaji,27.4833,94.5833,78.44,88.0,100.0,3.24,IN,1719434208.0
178,baluntaicun,,,,,,,,
179,nema,57.5067,50.5011,51.51,84.0,100.0,5.19,RU,1719434209.0
180,likino-dulevo,55.7117,38.9544,54.9,92.0,15.0,6.35,RU,1719434209.0
181,tsiombe,-25.3,45.4833,65.75,68.0,11.0,10.98,MG,1719434209.0
182,barra de santo antonio,-9.4047,-35.5072,78.08,81.0,7.0,10.42,BR,1719434209.0
183,barcelos,41.5388,-8.6151,69.85,96.0,5.0,2.35,PT,1719434209.0
184,jacmel,18.2342,-72.5347,94.84,68.0,100.0,12.19,HT,1719434209.0
185,ghanzi,-21.5667,21.7833,52.09,60.0,10.0,7.83,BW,1719434209.0
186,harstad,68.799,16.5293,52.25,84.0,24.0,5.01,NO,1719434209.0
187,trollhattan,58.2333,12.4167,69.46,60.0,0.0,4.61,SE,1719434209.0
188,woodland park,40.8898,-74.1949,96.33,47.0,20.0,10.36,US,1719434210.0
189,howard springs,-12.497,131.047,72.82,89.0,7.0,4.92,AU,1719434210.0
190,port elizabeth,-33.918,25.5701,53.31,95.0,0.0,3.44,ZA,1719434210.0
191,treasure island,27.7692,-82.769,92.28,70.0,20.0,14.97,US,1719434210.0
192,remire-montjoly,4.9167,-52.2667,84.24,79.0,75.0,3.44,GF,1719434210.0
193,revda,56.801,59.9303,49.93,96.0,97.0,2.55,RU,1719434210.0
194,labrador city,52.9463,-66.9114,48.07,71.0,100.0,13.31,CA,1719434210.0
195,corinto,37.9407,22.9573,81.9,59.0,0.0,0.83,GR,1719434145.0
196,barysaw,54.2312,28.5049,62.89,82.0,0.0,3.65,BY,1719434210.0
197,norilsk,69.3535,88.2027,72.7,55.0,32.0,7.27,RU,1719434210.0
198,yuzhno-kurilsk,44.0306,145.8556,56.16,73.0,49.0,2.84,RU,1719434210.0
199,mount pearl,47.5166,-52.7813,63.45,93.0,100.0,11.5,CA,1719434211.0
200,argo,37.6333,22.7333,81.79,60.0,0.0,3.89,GR,1719434211.0
201,punta arenas,-53.15,-70.9167,35.71,93.0,100.0,3.44,CL,1719434211.0
202,saudarkrokur,65.7461,-19.6394,48.87,75.0,19.0,6.49,IS,1719434211.0
203,la libertad,-2.2333,-80.9,78.46,73.0,40.0,10.36,EC,1719434211.0
204,kovdor,67.5662,30.4758,51.78,96.0,100.0,3.49,RU,1719434211.0
205,lodja,-3.4833,23.4333,72.3,39.0,0.0,3.36,CD,1719434211.0
206,coahuayana de hidalgo,18.7,-103.6583,88.41,55.0,96.0,7.67,MX,1719434211.0
207,carmen,18.6333,-91.8333,93.24,55.0,40.0,2.3,MX,1719434211.0
208,igrim,63.1906,64.4162,57.6,96.0,56.0,7.72,RU,1719433933.0
209,uruguaiana,-29.7547,-57.0883,49.8,75.0,17.0,5.03,BR,1719434025.0
210,sinop,41.7711,34.8709,54.99,91.0,1.0,3.71,TR,1719434118.0
211,naracoorte,-36.9579,140.7383,44.04,94.0,33.0,7.27,AU,1719434212.0
212,noumea,-22.2763,166.4572,71.01,99.0,37.0,9.1,NC,1719434212.0
213,hasaki,35.7333,140.8333,73.8,87.0,100.0,13.02,JP,1719434212.0
214,pont rouge,48.8833,-72.0825,60.64,62.0,100.0,10.02,CA,1719434212.0
215,baume-les-dames,47.353,6.3612,70.29,87.0,55.0,3.65,FR,1719434212.0
216,kapuskasing,49.4169,-82.4331,65.59,26.0,89.0,7.23,CA,1719434212.0
217,aasiaat,68.7098,-52.8699,37.47,86.0,99.0,4.72,GL,1719434212.0
218,lethem,3.3803,-59.7968,80.08,78.0,100.0,4.09,GY,1719434212.0
219,ilulissat,69.2167,-51.1,42.82,81.0,40.0,6.91,GL,1719434212.0
220,zahedan,29.4963,60.8629,78.71,19.0,0.0,4.61,IR,1719434212.0
221,namdrik,5.5994,168.1028,82.89,79.0,98.0,12.75,MH,1719434213.0
222,qandala,11.472,49.8728,92.3,47.0,72.0,5.44,SO,1719434213.0
223,san pedro de lloc,-7.4328,-79.5058,69.39,67.0,56.0,14.27,PE,1719434213.0
224,tamandare,-8.7597,-35.1047,76.42,80.0,11.0,8.14,BR,1719434213.0
225,colonia,50.9333,6.95,77.85,72.0,0.0,1.14,DE,1719434213.0
226,sokcho,38.2083,128.5911,72.21,64.0,0.0,4.61,KR,1719434213.0
227,sompeta,18.9333,84.6,82.38,85.0,89.0,5.1,IN,1719434213.0
228,huarmey,-10.0681,-78.1522,67.86,74.0,16.0,9.13,PE,1719434213.0
229,bonthe,7.5264,-12.505,77.88,88.0,100.0,7.65,SL,1719434213.0
230,jabor,5.921,169.6434,83.12,79.0,85.0,14.63,MH,1719434213.0
231,ulety,51.3572,112.4849,55.29,95.0,86.0,2.82,RU,1719434213.0
232,prince rupert,54.3161,-130.3201,62.2,74.0,100.0,6.29,CA,1719434214.0
233,reni,45.4573,28.2932,67.19,67.0,44.0,5.64,UA,1719434214.0
234,svetlyy,54.675,20.1347,64.45,73.0,100.0,8.7,RU,1719434214.0
235,katsuura,35.1333,140.3,70.74,84.0,100.0,11.63,JP,1719434214.0
236,livingstone,-17.8419,25.8543,57.24,52.0,12.0,6.42,ZM,1719434214.0
237,hermanus,-34.4187,19.2345,56.8,81.0,0.0,9.84,ZA,1719434214.0
238,robertsport,6.7533,-11.3686,77.41,88.0,100.0,10.18,LR,1719434214.0
239,marsh harbour,26.5412,-77.0636,83.35,70.0,98.0,2.28,BS,1719434214.0
240,abadan,30.3392,48.3043,98.55,26.0,0.0,4.61,IR,1719434214.0
241,tibanbang,6.6315,126.1055,79.79,82.0,94.0,3.69,PH,1719434214.0
242,burang,30.25,81.1667,47.46,89.0,55.0,4.34,CN,1719434214.0
243,new norfolk,-42.7826,147.0587,44.71,94.0,100.0,2.55,AU,1719434215.0
244,phan rang-thap cham,11.5667,108.9833,76.77,87.0,71.0,3.76,VN,1719434215.0
245,tremonton,41.7119,-112.1655,92.17,30.0,0.0,8.01,US,1719434215.0
246,el granada,37.5027,-122.4694,79.43,67.0,40.0,17.27,US,1719434215.0
247,giddings,30.1827,-96.9364,96.51,52.0,75.0,5.75,US,1719434035.0
248,ambalangoda,6.2355,80.0538,80.98,84.0,100.0,12.64,LK,1719434215.0
249,anse a galets,18.8317,-72.8642,88.65,62.0,68.0,6.73,HT,1719434215.0
250,big rapids,43.6981,-85.4837,80.67,41.0,40.0,12.66,US,1719434052.0
251,junin,-34.5838,-60.9433,52.43,45.0,34.0,10.18,AR,1719433942.0
252,caconda,-13.7333,15.0667,56.12,37.0,4.0,1.95,AO,1719434215.0
253,la foa,-21.7108,165.8276,67.71,70.0,0.0,3.04,NC,1719434216.0
254,along,28.1667,94.7667,69.82,96.0,96.0,0.87,IN,1719434216.0
255,sanaa,15.3547,44.2067,71.42,41.0,100.0,2.62,YE,1719434216.0
256,parral,26.9333,-105.6667,92.48,22.0,20.0,11.5,MX,1719433925.0
257,saint-philippe,-21.3585,55.7679,67.59,72.0,62.0,11.34,RE,1719434216.0
258,airway heights,47.6446,-117.5933,82.22,36.0,75.0,9.22,US,1719433995.0
259,karratha,-20.7377,116.8463,75.18,65.0,100.0,13.13,AU,1719434216.0
260,kabo,7.6994,18.629,75.0,80.0,25.0,3.58,CF,1719434216.0
261,laguna,38.421,-121.4238,95.31,28.0,0.0,8.05,US,1719434216.0
262,media luna,20.1419,-77.435,89.33,60.0,98.0,3.47,CU,1719434216.0
263,al ghayzah,16.2079,52.176,84.16,81.0,92.0,7.87,YE,1719434217.0
264,palasa,18.7667,84.4167,81.95,84.0,98.0,5.61,IN,1719434217.0
265,mongu,-15.2484,23.1274,57.04,46.0,0.0,6.82,ZM,1719434217.0
266,port saint john's,-31.6229,29.5448,62.6,86.0,19.0,5.77,ZA,1719434217.0
267,prince george,53.9166,-122.753,61.29,93.0,100.0,8.08,CA,1719434113.0
268,sete,43.4018,3.6966,69.94,84.0,3.0,2.73,FR,1719434217.0
269,nort-sur-erdre,47.4333,-1.5,78.98,79.0,14.0,7.29,FR,1719434217.0
270,natal,-5.795,-35.2094,81.25,74.0,20.0,13.8,BR,1719433936.0
271,aral,40.5156,81.2636,86.16,19.0,5.0,10.25,CN,1719434217.0
272,pitiquito,30.7,-112.0833,100.71,27.0,18.0,6.38,MX,1719434217.0
273,tura,25.5198,90.2201,76.08,97.0,100.0,2.84,IN,1719434218.0
274,jinka,5.65,36.65,67.82,63.0,100.0,2.71,ET,1719434218.0
275,dudinka,69.4058,86.1778,72.66,55.0,87.0,12.68,RU,1719434218.0
276,kone,-21.0595,164.8658,69.53,74.0,4.0,3.44,NC,1719434218.0
277,happy valley-goose bay,53.3168,-60.3315,79.54,39.0,99.0,15.97,CA,1719434218.0
278,tuburan,6.6439,122.2736,76.98,92.0,100.0,7.96,PH,1719434218.0
279,munnar,10.1,77.0667,59.88,100.0,100.0,6.71,IN,1719434215.0
280,mossel bay,-34.1831,22.146,55.33,87.0,0.0,6.13,ZA,1719434218.0
281,vila franca do campo,37.7167,-25.4333,70.21,99.0,2.0,3.94,PT,1719434218.0
282,cabo san lucas,22.8909,-109.9124,91.71,35.0,0.0,9.22,MX,1719433953.0
283,maumere,-8.6199,122.2111,74.68,86.0,71.0,3.47,ID,1719434218.0
284,bechar,31.6167,-2.2167,97.12,8.0,0.0,13.8,DZ,1719434219.0
285,lashio,22.9333,97.75,70.56,99.0,98.0,2.1,MM,1719434219.0
286,paphos,34.7667,32.4167,80.38,89.0,20.0,13.8,CY,1719434219.0
287,wewak,-3.5534,143.6268,78.84,92.0,100.0,13.73,PG,1719434219.0
288,malvan,16.0667,73.4667,80.24,87.0,100.0,23.33,IN,1719434219.0
289,cooper's town,26.8667,-77.5167,83.88,70.0,75.0,6.22,BS,1719434219.0
290,carnarvon,-24.8667,113.6333,68.11,79.0,0.0,15.95,AU,1719434219.0
291,portland,45.5234,-122.6762,72.19,61.0,75.0,9.22,US,1719433718.0
292,xining,36.6167,101.7667,57.76,68.0,100.0,1.83,CN,1719434219.0
293,changling,44.2653,124.0005,66.65,63.0,58.0,11.61,CN,1719434219.0
294,barbacoas,1.6715,-78.1398,79.21,87.0,97.0,3.53,CO,1719434219.0
295,dryden,49.7833,-92.7503,61.61,49.0,100.0,8.41,CA,1719434220.0
296,sarmakovo,43.7456,43.2003,57.85,70.0,0.0,10.29,RU,1719434220.0
297,semnan,35.5729,53.3971,81.3,38.0,100.0,10.74,IR,1719434220.0
298,hayma',,,,,,,,
299,port de pollenca,39.9075,3.0814,77.04,75.0,97.0,11.18,ES,1719434220.0
300,whitehorse,60.7161,-135.0538,73.81,36.0,38.0,3.0,CA,1719434220.0
301,pacific grove,36.6177,-121.9166,80.38,78.0,0.0,12.66,US,1719434220.0
302,pointe aux piments,-20.0628,57.5131,72.16,82.0,25.0,16.53,MU,1719434220.0
303,iskateley,67.6803,53.1512,38.64,81.0,4.0,8.95,RU,1719434220.0
304,arauca,7.0847,-70.7591,89.6,74.0,40.0,4.61,CO,1719434220.0
305,salinopolis,-0.6136,-47.3561,79.41,83.0,4.0,7.05,BR,1719434221.0
306,tenenkou,14.4572,-4.9169,98.73,29.0,22.0,6.91,ML,1719434221.0
307,kiunga,-6.1219,141.2906,74.57,100.0,100.0,0.6,PG,1719434221.0
308,lompoc,34.6391,-120.4579,87.78,74.0,0.0,11.5,US,1719434221.0
309,saurimo,-9.6608,20.3916,59.45,44.0,7.0,5.1,AO,1719434221.0
310,sal rei,16.1833,-22.9167,71.87,79.0,52.0,13.82,CV,1719434221.0
311,horsham,51.064,-0.3272,78.51,61.0,0.0,6.91,GB,1719433731.0
312,cole harbour,44.6724,-63.4751,72.82,76.0,0.0,10.0,CA,1719434221.0
313,portage la prairie,49.9728,-98.2926,64.11,47.0,8.0,7.54,CA,1719434156.0
314,soto la marina,23.7667,-98.2167,89.56,65.0,9.0,10.85,MX,1719434221.0
315,kandyagash,49.4744,57.4233,61.79,89.0,100.0,4.74,KZ,1719434221.0
316,jamestown,42.097,-79.2353,69.03,95.0,100.0,4.0,US,1719434161.0
317,arkhangel'sk,64.5401,40.5433,57.31,100.0,0.0,2.24,RU,1719433964.0
318,noosa heads,-26.3833,153.15,62.33,85.0,100.0,7.02,AU,1719434222.0
319,nosy varika,-20.5833,48.5333,69.15,80.0,99.0,8.41,MG,1719434222.0
320,fale old settlement,-9.3852,-171.2468,83.03,80.0,70.0,18.72,TK,1719434222.0
321,santa ana,33.7456,-117.8678,93.94,56.0,0.0,10.36,US,1719434034.0
322,swakopmund,-22.6833,14.5333,77.85,36.0,0.0,3.0,NA,1719434222.0
323,shimoda,34.6667,138.95,70.11,73.0,100.0,1.07,JP,1719434222.0
324,korem,12.5058,39.5228,64.58,56.0,99.0,4.21,ET,1719434222.0
325,ribadeo,43.5325,-7.0991,60.62,98.0,98.0,1.36,ES,1719434222.0
326,belyye berega,53.2085,34.6641,57.52,97.0,79.0,3.89,RU,1719434223.0
327,morteros,-30.7116,-61.9986,53.58,51.0,0.0,6.49,AR,1719434100.0
328,zapolyarnyy,69.4154,30.8136,51.08,64.0,79.0,7.7,RU,1719434223.0
329,saint-francois,46.4154,3.9054,74.64,72.0,33.0,0.0,FR,1719434223.0
330,khash,28.2211,61.2158,82.29,15.0,5.0,1.81,IR,1719434223.0
331,codrington,-38.2667,141.9667,42.37,96.0,15.0,10.96,AU,1719434223.0
332,petropavl,54.8753,69.1628,58.03,87.0,92.0,3.44,KZ,1719434223.0
333,puerto escondido,15.85,-97.0667,86.83,70.0,40.0,11.5,MX,1719434223.0
334,windhoek,-22.5594,17.0832,52.43,50.0,0.0,4.0,NA,1719434223.0
335,bam,29.106,58.357,92.88,14.0,1.0,8.21,IR,1719434223.0
336,motueka,-41.1333,173.0167,43.11,84.0,41.0,4.07,NZ,1719434224.0
337,cargados carajos,,,,,,,,
338,bhabhua,25.05,83.6167,91.06,56.0,10.0,10.2,IN,1719434224.0
339,mandimba,,,,,,,,
340,codajas,-3.8367,-62.0569,86.22,58.0,99.0,2.06,BR,1719434224.0
341,geraldton,-28.7667,114.6,59.41,88.0,75.0,11.5,AU,1719434224.0
342,urcos,-13.6861,-71.6228,69.69,44.0,28.0,8.32,PE,1719434100.0
343,volokonovka,50.4827,37.8563,56.28,93.0,14.0,6.85,RU,1719434224.0
344,bandiagara,14.3501,-3.6104,97.21,28.0,9.0,5.17,ML,1719434224.0
345,acarau,-2.8856,-40.12,78.78,82.0,3.0,14.54,BR,1719434114.0
346,zangguy,,,,,,,,
347,tofol,5.3248,163.0078,83.57,77.0,99.0,11.07,FM,1719434225.0
348,tortoli,39.9256,9.6572,73.22,88.0,0.0,5.75,IT,1719434225.0
349,kidal,18.4411,1.4078,97.03,20.0,66.0,8.23,ML,1719434225.0
350,kununurra,-15.7667,128.7333,53.58,87.0,26.0,0.0,AU,1719434172.0
351,kenai,60.5544,-151.2583,59.02,85.0,75.0,11.5,US,1719434225.0
352,kibondo,-3.5864,30.7203,59.09,50.0,4.0,2.44,TZ,1719434225.0
353,andergrove,-21.0833,149.1833,67.64,91.0,100.0,7.67,AU,1719434225.0
354,tangalle,6.024,80.7911,79.39,82.0,100.0,12.95,LK,1719434225.0
355,nyaunglebin,17.95,96.7333,77.04,93.0,100.0,4.56,MM,1719434225.0
356,nampula,-15.1165,39.2666,67.95,83.0,75.0,12.66,MZ,1719434225.0
357,moa,20.6569,-74.9403,84.69,84.0,83.0,4.45,CU,1719434225.0
358,petrolina,-9.3986,-40.5008,86.05,48.0,75.0,10.36,BR,1719434226.0
359,timimoun,29.2639,0.231,106.18,8.0,3.0,10.36,DZ,1719434226.0
360,atambua,-9.1061,124.8925,68.36,88.0,51.0,4.85,ID,1719434226.0
361,ray,23.6833,85.05,84.54,64.0,91.0,7.43,IN,1719434226.0
362,keflavik,64.0049,-22.5624,51.71,66.0,40.0,9.22,IS,1719434226.0
363,olot shahri,,,,,,,,
364,enewetak,11.3474,162.3373,82.26,82.0,22.0,18.48,MH,1719434226.0
365,uturoa,-16.7333,-151.4333,79.48,79.0,3.0,20.69,PF,1719434226.0
366,coquimbo,-29.9533,-71.3436,64.98,39.0,0.0,9.22,CL,1719434195.0
367,ballina,-28.8667,153.5667,56.79,77.0,64.0,5.77,AU,1719434223.0
368,mount gambier,-37.8333,140.7667,41.97,98.0,42.0,5.59,AU,1719434227.0
369,oliver,49.1831,-119.5524,72.14,52.0,100.0,2.75,CA,1719434040.0
370,priob'ye,62.5206,65.5964,60.04,87.0,100.0,8.7,RU,1719433991.0
371,tranovaho,,,,,,,,
372,alto barinas,8.5931,-70.2261,83.86,69.0,28.0,5.64,VE,1719434227.0
373,hammerfest,70.6634,23.6821,50.45,71.0,40.0,20.71,NO,1719434227.0
374,erenhot,43.6475,111.9767,73.33,41.0,24.0,13.2,CN,1719434227.0
375,nuku'alofa,-21.1333,-175.2,70.14,88.0,75.0,10.36,TO,1719434227.0
376,minggang,32.4586,114.0486,71.33,83.0,100.0,4.68,CN,1719434227.0
377,sun village,,,,,,,,
378,lorengau,-2.0226,147.2712,80.33,80.0,100.0,3.74,PG,1719434228.0
379,camacupa,-12.0167,17.4833,56.32,49.0,25.0,3.56,AO,1719434228.0
380,devinuwara,,,,,,,,
381,al bawiti,28.3492,28.8659,84.31,29.0,0.0,10.11,EG,1719434228.0
382,benghazi,32.1167,20.0667,81.82,56.0,0.0,8.5,LY,1719434228.0
383,siocon,7.7061,122.1353,76.82,91.0,99.0,4.72,PH,1719434228.0
384,constantia,44.1833,28.65,66.88,64.0,0.0,8.05,RO,1719434228.0
385,gallivare,,,,,,,,
386,wynyard,-41.0,145.7167,45.21,93.0,69.0,5.66,AU,1719434229.0
387,crane,31.3974,-102.3501,101.08,26.0,0.0,16.26,US,1719434229.0
388,broken hill,-31.95,141.4333,45.9,60.0,0.0,7.11,AU,1719434229.0
389,belmonte,-15.8631,-38.8828,72.99,78.0,2.0,4.05,BR,1719434229.0
390,luanda,-8.8368,13.2343,73.4,83.0,45.0,5.75,AO,1719433992.0
391,pariaman,-0.619,100.12,80.65,89.0,99.0,4.07,ID,1719434072.0
392,vredenburg,,,,,,,,
393,walvis bay,-22.9575,14.5053,77.95,22.0,0.0,14.97,NA,1719434229.0
394,abalak,58.1286,68.5944,53.38,93.0,17.0,3.56,RU,1719434229.0
395,minas de marcona,-15.2119,-75.1103,59.22,68.0,47.0,15.84,PE,1719434229.0
396,hoemul-li,41.4339,129.67,67.33,65.0,5.0,5.23,KP,1719434230.0
397,teluk nibung,3.001,99.8164,76.28,96.0,100.0,4.07,ID,1719434230.0
398,canar,-2.55,-78.9333,59.04,83.0,75.0,1.66,EC,1719434230.0
399,kismayo,-0.3582,42.5454,76.87,84.0,69.0,20.69,SO,1719434230.0
400,esens,53.6487,7.6127,71.6,83.0,9.0,6.91,DE,1719434230.0
401,porbandar,21.6422,69.6093,83.64,83.0,100.0,12.57,IN,1719434230.0
402,jutai,-5.1833,-68.9,85.84,62.0,100.0,0.51,BR,1719434230.0
403,aykhal,66.0,111.5,63.48,44.0,100.0,5.41,RU,1719433992.0
404,aras-asan,8.8908,126.3033,78.64,88.0,96.0,8.9,PH,1719434230.0
405,fenoarivo be,-18.4333,46.5667,57.07,80.0,2.0,10.54,MG,1719434230.0
406,qaqortoq,60.7167,-46.0333,40.06,91.0,100.0,8.03,GL,1719434230.0
407,mafraq,32.3333,37.9167,86.97,25.0,0.0,9.06,JO,1719434231.0
408,kenitra,34.261,-6.5802,68.76,72.0,100.0,5.86,MA,1719433992.0
409,lincoln city,44.9582,-124.0179,66.04,79.0,80.0,7.0,US,1719434071.0
410,westport,41.1415,-73.3579,92.12,61.0,0.0,13.8,US,1719434231.0
411,lusambo,-4.9667,23.45,67.84,43.0,0.0,2.59,CD,1719434231.0
412,bouarfa,32.53,-1.95,85.37,8.0,0.0,18.63,MA,1719434231.0
413,nyurba,63.2842,118.3319,56.64,74.0,100.0,2.71,RU,1719433991.0
414,deyang,31.1302,104.382,67.06,92.0,94.0,2.44,CN,1719434231.0
415,hihifo,,,,,,,,
416,yima,34.7381,111.8839,69.42,48.0,0.0,3.49,CN,1719434232.0
417,udhampur,32.9333,75.1333,82.26,51.0,72.0,8.1,IN,1719434232.0
418,margate,51.3813,1.3862,69.69,81.0,0.0,4.83,GB,1719434050.0
419,port lincoln,-34.7333,135.8667,51.75,92.0,6.0,9.89,AU,1719434172.0
420,fedorovka,53.6314,62.7078,57.31,74.0,68.0,5.3,KZ,1719434232.0
421,wustenrot,49.0808,9.4606,66.92,92.0,97.0,3.96,DE,1719434232.0
422,beira,-19.8436,34.8389,69.89,94.0,75.0,12.66,MZ,1719434232.0
423,mata-utu,-13.2816,-176.1745,82.53,73.0,22.0,17.78,WF,1719434232.0
424,muntilan,-7.5811,110.2928,71.22,95.0,13.0,3.36,ID,1719434232.0
425,perry,37.2506,-83.1999,95.18,33.0,73.0,8.95,US,1719434232.0
426,ciudad melchor muzquiz,27.8833,-101.5167,99.36,39.0,10.0,11.39,MX,1719434233.0
427,pitkyaranta,61.5734,31.4792,58.12,80.0,0.0,3.42,RU,1719434233.0
428,dembi dolo,8.5333,34.8,59.14,88.0,100.0,2.73,ET,1719434233.0
429,isle of lewis,,,,,,,,
430,nikolayevsk-on-amure,53.1406,140.73,65.73,62.0,14.0,4.99,RU,1719434113.0
431,san andros,,,,,,,,
432,elko,41.0002,-115.5012,85.64,33.0,5.0,15.01,US,1719434233.0
433,san fernando de apure,7.8878,-67.4724,83.25,79.0,31.0,5.3,VE,1719434135.0
434,hotan,37.0997,79.9269,83.55,15.0,69.0,3.22,CN,1719434233.0
435,alotau,,,,,,,,
436,moberly,39.4184,-92.4382,85.42,62.0,40.0,11.5,US,1719434052.0
437,kendari,-3.945,122.4989,73.08,96.0,14.0,0.85,ID,1719434234.0
438,jianguang,28.1938,115.7836,69.66,98.0,100.0,1.25,CN,1719434234.0
439,chonchi,-42.6128,-73.8092,52.81,91.0,100.0,8.9,CL,1719434234.0
440,nikopol,47.5712,34.3964,71.71,54.0,3.0,13.02,UA,1719434234.0
441,grand falls-windsor,48.9332,-55.6649,73.51,64.0,55.0,5.01,CA,1719434234.0
442,naryn,41.4287,75.9911,57.16,57.0,97.0,6.55,KG,1719434234.0
443,bardai,11.65,7.2333,78.13,69.0,93.0,9.26,NG,1719434234.0
444,fuling,29.7022,107.3919,67.86,98.0,100.0,2.24,CN,1719434234.0
445,baglung,28.2719,83.5898,70.72,90.0,98.0,1.52,NP,1719434234.0
446,molchanovo,57.5817,83.7692,64.62,94.0,3.0,4.09,RU,1719434235.0
447,amarpur,25.0333,86.9,86.41,67.0,50.0,7.34,IN,1719434235.0
448,bridgetown,13.1,-59.6167,86.49,74.0,40.0,17.27,BB,1719434235.0
449,maputo,-25.9653,32.5892,64.08,82.0,20.0,8.05,MZ,1719434235.0
450,kudahuvadhoo,2.6708,72.8944,84.07,75.0,100.0,12.41,MV,1719434235.0
451,kerikeri,-35.2268,173.9474,52.92,86.0,0.0,5.01,NZ,1719434235.0
452,oamaru,-45.0784,170.9801,43.38,95.0,97.0,6.91,NZ,1719434235.0
453,tasbuget,,,,,,,,
454,isla mujeres,21.2311,-86.731,87.85,75.0,4.0,9.26,MX,1719434235.0
455,riosucio,5.4216,-75.7032,67.01,89.0,89.0,3.06,CO,1719434209.0
456,pandan,14.0453,124.1694,79.11,86.0,100.0,7.81,PH,1719434236.0
457,el colomo,19.05,-104.25,84.18,61.0,100.0,7.58,MX,1719434236.0
458,kremenchuk,49.0973,33.4197,65.8,75.0,10.0,5.99,UA,1719434236.0
459,san luis,-33.295,-66.3356,54.25,26.0,19.0,16.82,AR,1719434220.0
460,ahau,,,,,,,,
461,chandler,33.3062,-111.8412,107.11,28.0,0.0,9.22,US,1719433843.0
462,forbes,-33.3833,148.0167,37.92,76.0,2.0,3.42,AU,1719434236.0
463,praia,14.9215,-23.5087,75.74,73.0,20.0,19.57,CV,1719434236.0
464,yongning,24.68,118.69,82.99,84.0,78.0,6.44,CN,1719434236.0
465,santo antonio,-6.3106,-35.4789,73.38,91.0,23.0,7.47,BR,1719434236.0
466,grande prairie,55.1667,-118.8027,58.42,84.0,100.0,8.28,CA,1719434006.0
467,namibe,-15.1961,12.1522,69.1,93.0,1.0,6.6,AO,1719434237.0
468,christchurch,-43.5333,172.6333,45.95,92.0,75.0,3.44,NZ,1719434237.0
469,korotchaevo,,,,,,,,
470,latakia,35.5148,35.7768,77.18,83.0,4.0,10.07,SY,1719434237.0
471,kokpekty,48.75,82.4,68.7,40.0,0.0,4.07,KZ,1719434237.0
472,saldanha,-33.0117,17.9442,55.45,68.0,0.0,7.34,ZA,1719434237.0
473,galliano,29.4422,-90.2992,95.0,66.0,75.0,11.5,US,1719434237.0
474,vorkuta,67.5,64.0,51.49,96.0,100.0,7.76,RU,1719434237.0
475,turpan,42.9333,89.1667,94.6,22.0,16.0,4.38,CN,1719434237.0
476,nuuk,64.1835,-51.7216,36.88,93.0,100.0,11.01,GL,1719434238.0
477,zakamensk,50.3741,103.2863,52.07,99.0,100.0,3.49,RU,1719434238.0
478,birao,10.2849,22.7882,77.43,75.0,48.0,7.05,CF,1719434238.0
479,auki,-8.7676,160.7034,79.43,81.0,100.0,4.99,SB,1719434238.0
480,untsukul',42.7115,46.7866,50.31,83.0,86.0,5.97,RU,1719434238.0
481,hendrina,-26.1588,29.7153,47.93,80.0,33.0,4.99,ZA,1719434238.0
482,ceeldheer,3.8488,47.1806,76.93,84.0,95.0,19.24,SO,1719434238.0
483,guatrache,-37.6678,-63.5302,54.64,43.0,88.0,14.23,AR,1719434238.0
484,selfoss,63.9331,-20.9971,56.05,69.0,92.0,3.71,IS,1719434238.0
485,chegdomyn,51.1167,133.0167,59.45,91.0,16.0,1.34,RU,1719434238.0
486,missao velha,-7.2497,-39.1431,86.49,51.0,0.0,6.91,BR,1719434238.0
487,puerto baquerizo moreno,-0.9,-89.6,77.99,89.0,20.0,9.51,EC,1719434239.0
488,ugoofaaru,5.6667,73.0,82.94,80.0,100.0,15.97,MV,1719434239.0
489,santiago,-33.4569,-70.6483,58.44,56.0,75.0,2.3,CL,1719433991.0
490,hinthada,17.6333,95.4667,77.94,91.0,100.0,6.42,MM,1719434239.0
491,ibitinga,-21.7578,-48.8289,77.38,34.0,46.0,6.69,BR,1719434239.0
492,tambopata,-12.7333,-69.1833,80.49,83.0,75.0,8.05,PE,1719434239.0
493,makubetsu,45.3714,141.8211,59.99,91.0,12.0,20.74,JP,1719434239.0
494,hays,30.0502,-98.0336,95.97,53.0,75.0,5.99,US,1719434239.0
495,bamboo flat,11.7,92.7167,77.09,100.0,100.0,2.3,IN,1719434239.0
496,fortuna,40.5982,-124.1573,64.92,79.0,100.0,4.0,US,1719434239.0
497,ulan bator,47.9077,106.8832,59.13,77.0,40.0,6.71,MN,1719434239.0
498,antsiranana,-12.2787,49.2917,74.16,72.0,9.0,19.98,MG,1719434240.0
499,onguday,50.75,86.15,57.9,92.0,0.0,2.19,RU,1719434240.0
500,salavan,15.7167,106.4167,73.92,98.0,100.0,1.66,LA,1719434240.0
501,shenjiamen,29.9576,122.298,74.89,96.0,100.0,10.67,CN,1719434240.0
502,lihue,21.9789,-159.3672,83.44,74.0,20.0,11.5,US,1719434240.0
503,champerico,14.3,-91.9167,93.74,75.0,8.0,11.88,GT,1719434240.0
504,joinville,-26.3044,-48.8456,73.11,88.0,75.0,5.75,BR,1719434073.0
505,aoulef,26.9667,1.0833,103.66,7.0,0.0,10.31,DZ,1719434240.0
506,fort st. john,56.2499,-120.8529,57.96,77.0,100.0,3.69,CA,1719434240.0
507,papao,-17.75,-149.55,80.28,81.0,21.0,23.55,PF,1719434240.0
508,dompu,-8.5356,118.4622,70.07,99.0,18.0,1.45,ID,1719434241.0
509,aitape,-3.1374,142.3475,76.24,92.0,100.0,4.59,PG,1719434241.0
510,tsiolkovskiy,,,,,,,,
511,mao,39.8885,4.2658,72.16,83.0,20.0,6.91,ES,1719434241.0
512,phalodi,27.1333,72.3667,91.0,53.0,97.0,12.12,IN,1719434241.0
513,bogale,16.2833,95.4,77.31,92.0,100.0,9.26,MM,1719434241.0
514,palikir - national government center,6.9248,158.1611,82.99,77.0,55.0,15.77,FM,1719434241.0
515,kargat,55.1956,80.2811,65.98,83.0,99.0,6.67,RU,1719434241.0
516,forster,-32.1667,152.5167,55.04,81.0,6.0,7.56,AU,1719434241.0
517,isabela,6.7085,121.9711,76.51,96.0,100.0,2.82,PH,1719434140.0
518,sao desiderio,-12.3633,-44.9733,77.92,28.0,0.0,3.13,BR,1719434242.0
519,thaba-tseka,-29.522,28.6084,38.62,49.0,0.0,3.6,LS,1719434242.0
520,lively,46.4334,-81.1498,61.02,70.0,92.0,4.5,CA,1719434242.0
521,greenville,35.6127,-77.3663,98.13,45.0,40.0,8.01,US,1719434214.0
522,biltine,14.5333,20.9167,92.39,30.0,84.0,18.01,TD,1719434242.0
523,matale,7.4721,80.6234,69.33,90.0,100.0,8.52,LK,1719434242.0
524,kalianget,-7.05,113.9333,79.83,80.0,29.0,8.81,ID,1719434242.0
525,bishop auckland,54.6555,-1.6771,70.7,83.0,11.0,8.61,GB,1719434242.0
526,camayenne,9.535,-13.6878,82.49,89.0,75.0,9.22,GN,1719434242.0
527,murghob,38.1702,73.9667,45.68,71.0,65.0,3.71,TJ,1719434242.0
528,bundaberg north,-24.8551,152.3425,62.22,99.0,100.0,4.56,AU,1719434243.0
529,ingeniero guillermo n. juarez,-23.9,-61.85,63.09,50.0,42.0,3.74,AR,1719434243.0
530,brasileia,-11.0161,-68.7481,97.25,52.0,20.0,3.44,BR,1719434243.0
531,ezhva,61.8128,50.7283,49.78,87.0,100.0,4.47,RU,1719434243.0
532,paramonga,-10.6667,-77.8333,66.06,76.0,17.0,7.61,PE,1719434243.0
533,villa aldama,19.6167,-97.2167,61.59,86.0,99.0,1.74,MX,1719434243.0
534,newman,37.3138,-121.0208,91.74,13.0,0.0,2.48,US,1719434243.0
535,zheleznogorsk-ilimskiy,56.5768,104.1217,57.18,97.0,91.0,2.77,RU,1719434243.0
536,betio village,1.358,172.9211,78.84,75.0,47.0,13.91,KI,1719434243.0
537,hirara,24.8,125.2833,82.26,94.0,20.0,10.36,JP,1719434243.0
538,mejit,10.2753,170.8646,82.63,77.0,42.0,15.66,MH,1719434243.0
539,amga,60.8953,131.9608,54.9,57.0,57.0,8.61,RU,1719434244.0
540,plettenberg bay,-34.0527,23.3716,56.77,86.0,1.0,4.36,ZA,1719434244.0
541,kembe,4.6228,21.8865,71.17,96.0,99.0,2.71,CF,1719434244.0
542,marvejols,44.5538,3.2914,63.9,93.0,3.0,2.33,FR,1719434244.0
543,farafangana,-22.8167,47.8333,68.23,71.0,80.0,7.27,MG,1719434244.0
544,nanao,37.05,136.9667,66.33,90.0,100.0,1.95,JP,1719434244.0
545,lensk,60.7253,114.9278,55.78,65.0,70.0,1.86,RU,1719433990.0
546,marks,51.7111,46.7486,62.33,54.0,45.0,4.18,RU,1719434244.0
547,zeya,53.75,127.2667,65.59,63.0,7.0,0.54,RU,1719433990.0
548,belozersk,60.0326,37.7957,56.89,83.0,3.0,6.91,RU,1719434244.0
549,homer,59.6425,-151.5483,62.04,77.0,0.0,5.75,US,1719434120.0
550,kupang,-10.1667,123.5833,81.18,89.0,100.0,5.75,ID,1719434245.0
551,port isabel,26.0734,-97.2086,93.29,70.0,20.0,18.41,US,1719434051.0
552,bucerias,20.75,-105.3333,85.98,65.0,40.0,12.66,MX,1719434245.0
553,pisco,-13.7,-76.2167,64.45,82.0,100.0,9.22,PE,1719434245.0
554,east london,-33.0153,27.9116,61.56,81.0,0.0,4.0,ZA,1719434245.0
555,verkhnevilyuysk,63.4453,120.3167,55.94,71.0,100.0,4.88,RU,1719434245.0
556,sharur city,,,,,,,,
557,bandar lampung,-5.4254,105.258,73.87,98.0,64.0,1.61,ID,1719434245.0
558,kpalime,6.9,0.6333,73.69,97.0,73.0,2.91,TG,1719434245.0
559,haiku-pauwela,20.9219,-156.3051,82.26,66.0,40.0,17.27,US,1719434245.0
560,fonadhoo,,,,,,,,
561,el calafate,-50.3408,-72.2768,25.03,82.0,14.0,3.22,AR,1719434246.0
562,kuching,1.55,110.3333,82.02,96.0,40.0,3.0,MY,1719434154.0
563,kavieng,-2.5744,150.7967,82.33,81.0,77.0,12.77,PG,1719434246.0
564,nouadhibou,20.931,-17.0347,65.62,87.0,2.0,23.17,MR,1719434246.0
565,taoudenni,22.6783,-3.9836,103.12,9.0,6.0,12.64,ML,1719434246.0
566,vila velha,-20.3297,-40.2925,78.75,73.0,28.0,5.75,BR,1719434246.0
567,fraserburgh,57.6874,-2.0184,61.12,89.0,51.0,17.18,GB,1719434246.0
568,kiknur,57.3034,47.2011,54.48,73.0,98.0,5.68,RU,1719434246.0
569,paraipaba,-3.4394,-39.1483,76.32,83.0,0.0,7.99,BR,1719434246.0
570,mont-dore,-22.2833,166.5833,71.01,99.0,61.0,6.02,NC,1719434246.0
571,conduaga,8.862,117.4893,77.77,88.0,94.0,4.07,PH,1719434247.0
572,nar'yan-mar,67.6713,53.087,38.75,81.0,3.0,8.88,RU,1719434247.0
573,rio grande,-32.035,-52.0986,53.71,76.0,100.0,14.81,BR,1719434247.0
574,fort bragg,35.139,-79.006,102.34,38.0,40.0,11.5,US,1719434247.0
575,paita,-5.0892,-81.1144,69.75,72.0,15.0,17.43,PE,1719434247.0
576,miracema do tocantins,-9.5618,-48.3967,85.17,32.0,2.0,4.16,BR,1719434094.0
577,cambria,35.5641,-121.0808,95.23,63.0,25.0,10.27,US,1719434247.0
578,saratamata,,,,,,,,
579,harlingen,26.1906,-97.6961,94.05,79.0,75.0,10.36,US,1719434196.0
580,sanya,18.2431,109.505,80.76,94.0,20.0,4.47,CN,1719434216.0
581,beyla,8.6833,-8.6333,70.3,95.0,73.0,3.8,GN,1719434248.0
582,manokwari,-0.8667,134.0833,78.21,81.0,100.0,1.95,ID,1719434248.0
583,gurupa,-1.405,-51.64,77.22,87.0,80.0,2.44,BR,1719434248.0
584,south lake tahoe,38.9332,-119.9844,84.25,41.0,40.0,12.66,US,1719434117.0
585,usogorsk,63.4106,48.6872,49.53,83.0,100.0,7.92,RU,1719434248.0
586,payyannur,12.1,75.2,79.12,86.0,100.0,11.18,IN,1719434248.0
587,sitka,57.0531,-135.33,60.69,77.0,40.0,8.05,US,1719434248.0
588,kwang binh,17.4833,106.6,78.3,89.0,100.0,2.93,VN,1719434248.0
589,vilyuchinsk,52.9306,158.4028,46.67,82.0,99.0,3.24,RU,1719434248.0
590,hobyo,5.3505,48.5268,77.68,83.0,53.0,29.57,SO,1719434249.0
591,sanghar,26.0466,68.9481,95.2,47.0,100.0,12.95,PK,1719434249.0
592,herat,34.5,62.0,79.11,20.0,58.0,10.18,AF,1719434249.0
593,dalandzadgad,43.5708,104.425,74.48,24.0,73.0,9.78,MN,1719434249.0
594,nagqu,31.5,92.0,42.57,87.0,100.0,3.27,CN,1719434249.0
595,tabuk,17.4189,121.4443,73.17,89.0,80.0,4.27,PH,1719434249.0
